d2cLossAvg,e2eJitterAvg,d2cJitterAvg,e2eLossAvg,jitDepthAvg,playSpeedAvg
2,21,21,1,100,1.2
1,22,30,0,300,1.16429
3,23,15,1,200,1.06923
4,24,29,0,123,1.08571
1,25,24,2,325,1.06923
2,26,12,1,142,1.1
